<?xml version="1.0" encoding="utf-8"?>
<license version="1.0">
	<product>
		<name>nexacro&#32;platform</name>
		<version>14</version>
		<function>Windows,&#32;WindowsRT,&#32;MAC,&#32;iOS,&#32;Android</function>
	</product>
	<customer>
		<name>TOBESOFT</name>
		<coreCount>0</coreCount>
		<ipAddress>0.0.0.0</ipAddress>
		<targetPlatform>Runtime,HTML5</targetPlatform>
	</customer>
	<date>
		<activation>2017-01-01</activation>
		<term unit="month">2</term>
	</date>
	<key>4E7RC3REXF9E1253D3XNPE6QWVV9X4TDQ</key>
</license>