<?xml version="1.0" encoding="UTF-8"?>
<!DOCTYPE mapper PUBLIC "-//mybatis.org//DTD Mapper 3.0//EN" "http://mybatis.org/dtd/mybatis-3-mapper.dtd">
<mapper namespace="sungshin.comm.syst.cdmg.repository.CodeMapper">
  <sql id="codeSelectSql">
    SELECT code_id
         , code_val
         , code_val_nm
      FROM samp.code
  </sql>
  
  <select id="findCodes" resultType="CamelCaseMap" parameterType="Code">
    <include refid="sungshin.comm.syst.cdmg.repository.CodeMapper.codeSelectSql" />
    WHERE 1=1
    <if test="codeId != null">
      AND code_id = #{codeId}
    </if>
  </select>
  
  <insert id="insertCode" parameterType="Code">
       INSERT INTO samp.code(
              code_id
            , code_val
            , code_val_nm
            )
       VALUES ( 
              #{codeId}
            , #{codeVal}
            , #{codeValNm}
            )
    </insert>
    
    <update id="updateCode" parameterType="Code">
       UPDATE samp.code 
          SET code_val = #{codeVal}
            , code_val_nm = #{codeValNm}
        WHERE code_id = #{codeId}
    </update>
    
    <delete id="deleteCode" parameterType="Code">
         DELETE 
           FROM samp.code 
          WHERE code_id = #{codeId}
    </delete>
  
</mapper>