<?xml version="1.0" encoding="UTF-8"?>
<!DOCTYPE mapper PUBLIC "-//mybatis.org//DTD Mapper 3.0//EN" "http://mybatis.org/dtd/mybatis-3-mapper.dtd">
<mapper namespace="sungshin.base.storage.StorageMapper">
    <resultMap type="FileBucket" id="fileBucketResultMap">
        <id property="id" column="ID" />
        <id property="backNumber" column="BACK_NUMBER" />
        <result property="originalFilename" column="ORIGINAL_FILENAME" />
        <result property="changedFilename" column="CHANGED_FILENAME" />
        <result property="originalFilename" column="ORIGINAL_FILENAME" />
        <result property="location" column="LOCATION" />
        <result property="fileSize" column="FILE_SIZE" />
        <result property="deleted" column="DELETED" />
        <result property="timestamp" column="TIMESTAMP" />
    </resultMap>

    <sql id="select">
        SELECT id
             , back_number
             , original_filename
             , changed_filename
             , location
             , file_size
             , deleted
             , timestamp
          FROM samp.file_bucket
    </sql>

    <insert id="insert" parameterType="FileBucket">
        INSERT INTO samp.file_bucket (
               id
             , back_number
             , original_filename
             , changed_filename
             , location
             , file_size
             , deleted
             , timestamp)
        VALUES (
               #{id}
             , #{backNumber}
             , #{originalFilename}
             , #{changedFilename}
             , #{location}
             , #{fileSize}
             , #{deleted}
             , #{timestamp}
             )
    </insert>
    
    <update id="update" parameterType="FileBucket">
        UPDATE samp.file_bucket
           SET original_filename = #{originalFilename}
             , changed_filename = #{changedFilename}
             , location = #{location}
             , file_size = #{fileSize}
             , deleted = #{deleted}
             , timestamp = #{timestamp}
         WHERE id = #{id}
           AND back_number = #{backNumber}
    </update>
    
    <select id="findByPk" parameterType="Map" resultMap="fileBucketResultMap">
        <include refid="sungshin.base.storage.StorageMapper.select" />
        WHERE id = #{id}
          AND back_number = #{backNumber}
    </select>
    
    <select id="findById" parameterType="String" resultMap="fileBucketResultMap">
        <include refid="sungshin.base.storage.StorageMapper.select" />
        WHERE id = #{id}
    </select>
    
    <select id="findAllById" parameterType="String" resultMap="fileBucketResultMap">
        <include refid="sungshin.base.storage.StorageMapper.select" />
        WHERE id = #{id}
    </select>
    
    <select id="findAllByIdAndBackNumberIn" parameterType="Map" resultMap="fileBucketResultMap">
        <include refid="sungshin.base.storage.StorageMapper.select" />
        WHERE id = #{id}
          AND back_number in
        <foreach collection="backNumbers" item="backNumber" open="(" separator="," close=")">
            #{backNumber}
        </foreach>
    </select>
</mapper>