<?xml version="1.0" encoding="UTF-8"?>
<included>
  <logger name="org.springframework.web" level="DEBUG" />
  <logger name="org.springframework.batch" level="DEBUG" />
  <logger name="org.springframework.jdbc" level="DEBUG" />
  <logger name="org.mybatis" level="DEBUG" />
  <logger name="org.springframework.web.servlet.DispatcherServlet" level="INFO" />
  <logger name="sungshin" level="DEBUG" />
<!--
  <logger name="org.springframework.web.client" level="INFO" />
  <logger name="org.springframework.jdbc.datasource" level="INFO" />
-->
</included>