<?xml version="1.0" encoding="UTF-8"?>
<!DOCTYPE xml>
<!-- http://java.ihoney.pe.kr/397 -->
<!-- 30초마다 설정 파일의 변경을 확인한다. 파일이 변경되면 다시 로딩한다 -->
<configuration scan="true" scanPeriod="30 seconds">
  <include resource="org/springframework/boot/logging/logback/base.xml"/>
  <jmxConfigurator /> <!-- Actuator 관련 설정 -->
  
  <springProfile name="local">
    <include resource="logging/debug-logger.xml"/>
  </springProfile>

  <springProfile name="development">
    <include resource="logging/debug-logger.xml"/>
    <include resource="logging/rolling-file.xml"/>
  </springProfile>

  <springProfile name="production">
    <include resource="logging/rolling-file.xml"/>
  </springProfile>
</configuration>