<?xml version="1.0" encoding="UTF-8"?>
<included>
    <springProperty name="LOG_FILE" source="endpoints.logfile.external-file"/>
    
    <appender name="ROLLING-FILE" class="ch.qos.logback.core.rolling.RollingFileAppender">
      <file>${LOG_FILE}</file>
      <rollingPolicy class="ch.qos.logback.core.rolling.TimeBasedRollingPolicy">
        <!-- 파일이 하루에 한 개씩 생성된다 -->
        <fileNamePattern>${LOG_FILE}_.%d{yyyy-MM-dd}.%i</fileNamePattern>
        <!-- 기본적으로 파일이 하루에 한 개씩 생성되지만 한 파일에 대용량의 로그가 남지 않도록 제한 -->
        <timeBasedFileNamingAndTriggeringPolicy class="ch.qos.logback.core.rolling.SizeAndTimeBasedFNATP">
          <maxFileSize>50MB</maxFileSize>
        </timeBasedFileNamingAndTriggeringPolicy>
        <!-- 15일이 지난 파일은 삭제가 된다. -->
        <maxHistory>15</maxHistory>
      </rollingPolicy>
      <encoder>
        <pattern>${FILE_LOG_PATTERN}</pattern>
      </encoder>
    </appender>
    
    <root level="INFO">
      <appender-ref ref="ROLLING-FILE" />
    </root>
</included>