<?xml version="1.0" encoding="UTF-8"?>
<!DOCTYPE mapper PUBLIC "-//mybatis.org//DTD Mapper 3.0//EN" "http://mybatis.org/dtd/mybatis-3-mapper.dtd">
<mapper namespace="sungshin.sample.repository.EmployeeMapper">
  <sql id="employeeSelectSql">
    SELECT id
         , name
         , salary
         , hire_date
         , married
         , file_id
      FROM samp.employee
  </sql>
  
  <select id="findEmployees" resultType="CamelCaseMap" parameterType="Employee">
    <include refid="sungshin.sample.repository.EmployeeMapper.employeeSelectSql" />
    WHERE 1=1
    <if test="id != null">
      AND id LIKE '%'||#{id}||'%'
    </if>
    <if test="name != null">
      AND name '%'||#{name}||'%'
    </if>
  </select>
  
  <select id="findEmployeeByPk" resultType="CamelCaseMap" parameterType="String">
    <include refid="sungshin.sample.repository.EmployeeMapper.employeeSelectSql" />
    WHERE 1=1
      AND id = #{id}
  </select>
  
  <insert id="insertEmployee" parameterType="Employee">
         INSERT INTO samp.employee(
                id
              , name
              , salary
              , hire_date
              , married
              )
         VALUES ( 
                #{id}
              , #{name}
              , #{salary}
              , #{hireDate}
              , #{married}
              )
    </insert>
    
    <update id="updateEmployee" parameterType="Employee">
         UPDATE samp.employee 
            SET name = #{name}
              , salary = #{salary}
              , married = #{married}
              , hire_date = #{hireDate}
              , file_id = #{fileId}
          WHERE id = #{id}
    </update>
    
    <delete id="deleteEmployee" parameterType="Employee">
         DELETE 
           FROM samp.employee 
          WHERE id = #{id}
    </delete>
    
    <select id="findEmpAcdmcrs" resultType="CamelCaseMap" parameterType="EmpAcdmcr">
        SELECT id
             , acdmgr_seq
             , wrc_nm
             , ofcps_cd
             , retire_ym
             , chrg_job
          FROM samp.emp_acdmcr
         WHERE id = #{id}
    </select>
    
    <insert id="insertEmpAcdmcr" parameterType="EmpAcdmcr">
         INSERT INTO samp.emp_acdmcr(
                id
              , acdmgr_seq
              , wrc_nm
              , ofcps_cd
              , retire_ym
              , chrg_job
              )
         VALUES ( 
                #{id}
              , #{acdmgrSeq}
              , #{wrcNm}
              , #{ofcpsCd}
              , #{retireYm}
              , #{chrgJob}
              )
    </insert>
      
    <update id="updateEmpAcdmcr" parameterType="EmpAcdmcr">
         UPDATE samp.emp_acdmcr
            SET wrc_nm = #{wrcNm}
              , ofcps_cd = #{ofcpsCd}
              , retire_ym = #{retireYm}
              , chrg_job = #{chrgJob}
          WHERE id = #{id}
            AND acdmgr_seq = #{acdmgrSeq}
    </update>
    
    <delete id="deleteEmpAcdmcr" parameterType="EmpAcdmcr">
         DELETE 
           FROM samp.emp_acdmcr
          WHERE id = #{id}
    </delete>
    
    <select id="findEmpCareers" resultType="CamelCaseMap" parameterType="EmpCareer">
        SELECT id
             , career_seq
             , school_nm
             , grdt_year
             , grdt_type_cd
             , point
          FROM samp.emp_career
         WHERE id = #{id}
    </select>
    
    <insert id="insertEmpCareer" parameterType="EmpCareer">
         INSERT INTO samp.emp_career(
                id
              , career_seq
              , school_nm
              , grdt_year
              , grdt_type_cd
              , point
              )
         VALUES ( 
                #{id}
              , #{careerSeq}
              , #{schoolNm}
              , #{grdtYear}
              , #{grdtTypeCd}
              , #{point}
              )
    </insert>
      
    <update id="updateEmpCareer" parameterType="EmpCareer">
         UPDATE samp.emp_career 
            SET school_nm = #{schoolNm}
              , grdt_year = #{grdtYear}
              , grdt_type_cd = #{grdtTypeCd}
              , point = #{point}
          WHERE id = #{id}
            AND career_seq = #{careerSeq}
    </update>
    
    <delete id="deleteEmpCareer" parameterType="EmpCareer">
         DELETE 
           FROM samp.emp_career 
          WHERE id = #{id}
    </delete>
    
    <select id="findEmpAddr" resultType="CamelCaseMap" parameterType="EmpAddr">
        SELECT id
             , addr_ty_cd
             , zip_no
             , addr1
             , addr2
             , addr1_eng
             , addr2_eng
          FROM samp.emp_addr
         WHERE id = #{id}
    </select>
    
    <insert id="insertEmpAddr" parameterType="EmpAddr">
         INSERT INTO samp.emp_addr(
                id
              , addr_ty_cd
              , zip_no
              , addr1
              , addr2
              , addr1_eng
              , addr2_eng
              )
         VALUES ( 
                #{id}
              , #{addrTyCd}
              , #{zipNo}
              , #{addr1}
              , #{addr2}
              , #{addr1Eng}
              , #{addr2Eng}
              )
    </insert>
      
    <update id="updateEmpAddr" parameterType="EmpAddr">
         UPDATE samp.emp_addr 
            SET addr_ty_cd = #{addrTyCd}
              , zip_no = #{zipNo}
              , addr1 = #{addr1}
              , addr2 = #{addr2}
              , addr1_eng = #{addr1Eng}
              , addr2_eng = #{addr2Eng}
          WHERE id = #{id}
    </update>
    
    <delete id="deleteEmpAddr" parameterType="EmpAddr">
         DELETE 
           FROM samp.emp_addr 
          WHERE id = #{id}
    </delete>
    
</mapper>