<?xml version="1.0" encoding="UTF-8"?>
<!DOCTYPE configuration PUBLIC "-//mybatis.org//DTD Config 3.0//EN" "HTTP://mybatis.org/dtd/mybatis-3-config.dtd">
<configuration>
  <settings>
    <setting name="aggressiveLazyLoading" value="false"/>
    <setting name="jdbcTypeForNull" value="NULL" />
    <setting name="mapUnderscoreToCamelCase" value="true" />
  </settings>

  <typeAliases>
    <typeAlias alias="CamelCaseMap" type="sungshin.base.mybatis.type.CamelCaseMap" />
    <package name="sungshin" />
  </typeAliases>

  <typeHandlers>
    <typeHandler handler="sungshin.base.mybatis.type.BooleanNullableTypeHandler" javaType="java.lang.Boolean" />
  </typeHandlers>
    
  <plugins>
    <plugin interceptor="com.github.miemiedev.mybatis.paginator.OffsetLimitInterceptor">
      <property name="dialectClass" value="com.github.miemiedev.mybatis.paginator.dialect.OracleDialect" />
    </plugin>
  </plugins>
</configuration>