<?xml version="1.0" encoding="UTF-8"?>
<!--
  ~
  ~  Copyright (c) 2008-2015, Hazelcast, Inc. All Rights Reserved.
  ~
  ~  Licensed under the Apache License, Version 2.0 (the "License");
  ~  you may not use this file except in compliance with the License.
  ~  You may obtain a copy of the License at
  ~
  ~  http://www.apache.org/licenses/LICENSE-2.0
  ~
  ~  Unless required by applicable law or agreed to in writing, software
  ~  distributed under the License is distributed on an "AS IS" BASIS,
  ~  WITHOUT WARRANTIES OR CONDITIONS OF ANY KIND, either express or implied.
  ~  See the License for the specific language governing permissions and
  ~  limitations under the License.
  ~
  ~  https://github.com/hazelcast/hazelcast/blob/master/hazelcast/src/main/resources/hazelcast-full-example.xml
  -->
<hazelcast xsi:schemaLocation="http://www.hazelcast.com/schema/config hazelcast-config-3.6.xsd"
    xmlns="http://www.hazelcast.com/schema/config"
    xmlns:xsi="http://www.w3.org/2001/XMLSchema-instance">
  <group>
    <name>sungshincluster</name>
    <password>admin!23</password>
  </group>
  
  <network>
    <join>
      <multicast enabled="true"/>
    </join>
  </network>

  <cache name="code">
    <statistics-enabled>true</statistics-enabled>
    <expiry-policy-factory class-name="sungshin.base.hazelcast.cache.expiry.ExpiryPolicyFactory"/>
  </cache>
</hazelcast>